{
  "Component-dbg.js": 1724678842214,
  "controller/App.controller.js": 1724678842214,
  "controller/TenderDocument.controller.js": 1724678842214,
  "model/models.js": 1724678842218,
  "manifest.json": 1724740271604,
  "Component.js": 1724678842214,
  "controller/TenderDocument-dbg.controller.js": 1724678842214,
  "controller/TenderDocument.controller.js.map": 1724740271804,
  "controller/App-dbg.controller.js": 1724678842214,
  "controller/App.controller.js.map": 1724740271804,
  "model/models-dbg.js": 1724678842218,
  "model/models.js.map": 1724740271804,
  "i18n/i18n.properties": 1724678842214,
  "Component.js.map": 1724740271809,
  "Component-preload.js": 1724740272073,
  "Component-preload.js.map": 1724740272073,
  "view/TenderDocument.view.xml": 1724678842218,
  "view/App.view.xml": 1724678842218,
  "css/style.css": 1724678842214,
  "Image/header.png": 1724678842214,
  "index.html": 1724678842214
}