{
  "css/style.css": 1724678842214,
  "controller/App.controller.js": 1724678842214,
  "controller/sctForm.controller.js": 1724678842214,
  "model/models.js": 1724678842214,
  "manifest.json": 1724740275179,
  "Component.js": 1724678842214,
  "model/models-dbg.js": 1724678842214,
  "model/models.js.map": 1724740275374,
  "controller/sctForm-dbg.controller.js": 1724678842214,
  "controller/sctForm.controller.js.map": 1724740275384,
  "controller/App-dbg.controller.js": 1724678842214,
  "controller/App.controller.js.map": 1724740275376,
  "Component-dbg.js": 1724678842214,
  "Component.js.map": 1724740275384,
  "Component-preload.js": 1724740275489,
  "Component-preload.js.map": 1724740275489,
  "view/sctForm.view.xml": 1724678842214,
  "view/App.view.xml": 1724678842214,
  "i18n/i18n.properties": 1724678842214,
  "Image/header.png": 1724678842214,
  "index.html": 1724678842214
}