{
  "Component.js.map": 1724677225507,
  "controller/cegform.controller.js": 1724667623765,
  "model/models.js": 1724667631137,
  "controller/App.controller.js": 1724667623765,
  "manifest.json": 1724677225363,
  "Component.js": 1724667622233,
  "Component-dbg.js": 1724667622233,
  "i18n/i18n.properties": 1724667626701,
  "model/models-dbg.js": 1724667631137,
  "model/models.js.map": 1724677225501,
  "controller/App-dbg.controller.js": 1724667623765,
  "controller/App.controller.js.map": 1724677225501,
  "controller/cegform-dbg.controller.js": 1724667623765,
  "controller/cegform.controller.js.map": 1724677225519,
  "Component-preload.js": 1724677225603,
  "Component-preload.js.map": 1724677225603,
  "view/cegform.view.xml": 1724667640773,
  "view/App.view.xml": 1724667640773,
  "css/style.css": 1724667625065,
  "Image/header.png": 1724667628181,
  "index.html": 1724667622233
}