{
  "Component-preload.js.map": 1724740257935,
  "model/models.js": 1724678842210,
  "controller/pqcForm.controller.js": 1724678842210,
  "controller/App.controller.js": 1724678842210,
  "manifest.json": 1724740257520,
  "Component.js": 1724678842210,
  "Component-dbg.js": 1724678842210,
  "Component.js.map": 1724740257690,
  "controller/pqcForm-dbg.controller.js": 1724678842210,
  "controller/pqcForm.controller.js.map": 1724740257690,
  "controller/App-dbg.controller.js": 1724678842210,
  "controller/App.controller.js.map": 1724740257689,
  "model/models-dbg.js": 1724678842210,
  "model/models.js.map": 1724740257688,
  "Component-preload.js": 1724740257935,
  "i18n/i18n.properties": 1724678842210,
  "view/pqcForm.view.xml": 1724678842214,
  "view/App.view.xml": 1724678842210,
  "css/style.css": 1724678842210,
  "Image/header.png": 1724678842210,
  "index.html": 1724678842210
}