{
  "controller/bidEvaluationform.controller.js": 1724678842206,
  "manifest.json": 1724740280454,
  "i18n/i18n.properties": 1724678842206,
  "controller/App.controller.js": 1724678842206,
  "model/models.js": 1724678842206,
  "Component.js": 1724678842206,
  "model/models-dbg.js": 1724678842206,
  "model/models.js.map": 1724740280641,
  "controller/App-dbg.controller.js": 1724678842206,
  "controller/App.controller.js.map": 1724740280632,
  "controller/bidEvaluationform-dbg.controller.js": 1724678842206,
  "controller/bidEvaluationform.controller.js.map": 1724740280638,
  "Component-dbg.js": 1724678842206,
  "Component.js.map": 1724740280642,
  "Component-preload.js": 1724740280889,
  "Component-preload.js.map": 1724740280889,
  "view/bidEvaluationform.view.xml": 1724678842206,
  "view/App.view.xml": 1724678842206,
  "Image/header.png": 1724678842206,
  "css/style.css": 1724678842206,
  "index.html": 1724678842206
}