{
  "controller/App.controller.js.map": 1724740262166,
  "model/models.js": 1724678842210,
  "controller/Emd_form.controller.js": 1724678842210,
  "controller/App.controller.js": 1724678842210,
  "manifest.json": 1724740261985,
  "Component.js": 1724678842210,
  "Component-dbg.js": 1724678842210,
  "Component.js.map": 1724740262167,
  "controller/Emd_form-dbg.controller.js": 1724678842210,
  "controller/Emd_form.controller.js.map": 1724740262164,
  "controller/App-dbg.controller.js": 1724678842210,
  "i18n/i18n.properties": 1724678842210,
  "model/models-dbg.js": 1724678842210,
  "model/models.js.map": 1724740262169,
  "Component-preload.js": 1724740262377,
  "Component-preload.js.map": 1724740262377,
  "view/Emd_form.view.xml": 1724678842210,
  "view/App.view.xml": 1724678842210,
  "css/style.css": 1724678842210,
  "index.html": 1724678842210
}