{
  "model/models.js.map": 1724677233889,
  "Component.js": 1724673232659,
  "controller/Emd_form.controller.js": 1724673232667,
  "controller/App.controller.js": 1724673232667,
  "manifest.json": 1724677233723,
  "model/models.js": 1724673232659,
  "controller/App-dbg.controller.js": 1724673232667,
  "controller/App.controller.js.map": 1724677233884,
  "controller/Emd_form-dbg.controller.js": 1724673232667,
  "controller/Emd_form.controller.js.map": 1724677233892,
  "Component-dbg.js": 1724673232659,
  "Component.js.map": 1724677233886,
  "model/models-dbg.js": 1724673232659,
  "i18n/i18n.properties": 1724673649348,
  "Component-preload.js": 1724677234051,
  "Component-preload.js.map": 1724677234051,
  "view/Emd_form.view.xml": 1724673312003,
  "view/App.view.xml": 1724673232667,
  "css/style.css": 1724673232667,
  "index.html": 1724673232659
}