{
  "model/formatter.js.map": 1724740247253,
  "model/formatter.js": 1724678842214,
  "model/models.js": 1724678842214,
  "controller/Overview.controller.js": 1724678842214,
  "controller/OverViewDetailsPage.controller.js": 1724678842214,
  "controller/App.controller.js": 1724678842214,
  "manifest.json": 1724740246801,
  "Component.js": 1724678842214,
  "controller/Overview-dbg.controller.js": 1724678842214,
  "controller/Overview.controller.js.map": 1724740247309,
  "model/models-dbg.js": 1724678842214,
  "model/models.js.map": 1724740247252,
  "model/formatter-dbg.js": 1724678842214,
  "i18n/i18n.properties": 1724678842214,
  "controller/OverViewDetailsPage-dbg.controller.js": 1724678842214,
  "controller/OverViewDetailsPage.controller.js.map": 1724740247307,
  "controller/App-dbg.controller.js": 1724678842214,
  "controller/App.controller.js.map": 1724740247267,
  "Component-dbg.js": 1724678842214,
  "Component.js.map": 1724740247270,
  "Component-preload.js": 1724740247599,
  "Component-preload.js.map": 1724740247599,
  "view/PurchasingDocumentItem.fragment.xml": 1724678842214,
  "view/PurchaseRequisitionPrice.fragment.xml": 1724678842214,
  "view/PurchaseRequisition.fragment.xml": 1724678842214,
  "view/PurReqnReleaseStatus.fragment.xml": 1724678842214,
  "view/Overview.view.xml": 1724680434526,
  "view/OverViewDetailsPage.view.xml": 1724678842214,
  "view/DeliveryDateTime.fragment.xml": 1724678842214,
  "view/CreationDate.fragment.xml": 1724678842214,
  "view/App.view.xml": 1724678842214,
  "css/style.css": 1724678842214,
  "index.html": 1724678842214
}