{
  "view/Overview.view.xml": 1724658005139,
  "model/models.js": 1724615410874,
  "model/formatter.js": 1724615410874,
  "controller/Overview.controller.js": 1724656513279,
  "controller/OverViewDetailsPage.controller.js": 1724615405802,
  "controller/App.controller.js": 1724615405798,
  "manifest.json": 1724661888678,
  "Component.js": 1724615404530,
  "model/models-dbg.js": 1724615410874,
  "model/models.js.map": 1724661888811,
  "model/formatter-dbg.js": 1724615410874,
  "model/formatter.js.map": 1724661888810,
  "controller/Overview-dbg.controller.js": 1724656513279,
  "controller/Overview.controller.js.map": 1724661888825,
  "controller/OverViewDetailsPage-dbg.controller.js": 1724615405802,
  "controller/OverViewDetailsPage.controller.js.map": 1724661888836,
  "controller/App-dbg.controller.js": 1724615405798,
  "controller/App.controller.js.map": 1724661888812,
  "Component-dbg.js": 1724615404530,
  "Component.js.map": 1724661888815,
  "Component-preload.js": 1724661888932,
  "Component-preload.js.map": 1724661888932,
  "view/PurchasingDocumentItem.fragment.xml": 1724615421642,
  "view/PurchaseRequisitionPrice.fragment.xml": 1724615421642,
  "view/PurchaseRequisition.fragment.xml": 1724615421642,
  "view/PurReqnReleaseStatus.fragment.xml": 1724615421642,
  "i18n/i18n.properties": 1724659331127,
  "view/OverViewDetailsPage.view.xml": 1724615421642,
  "view/DeliveryDateTime.fragment.xml": 1724615421642,
  "view/CreationDate.fragment.xml": 1724615421642,
  "view/App.view.xml": 1724615421642,
  "css/style.css": 1724615407078,
  "index.html": 1724615595119
}