{
  "view/App.view.xml": 1724678842210,
  "model/models.js": 1724678842210,
  "controller/cegform.controller.js": 1724678842210,
  "controller/App.controller.js": 1724678842210,
  "manifest.json": 1724740252383,
  "Component.js": 1724678842210,
  "Component-dbg.js": 1724678842210,
  "Component.js.map": 1724740252568,
  "controller/cegform-dbg.controller.js": 1724678842210,
  "controller/cegform.controller.js.map": 1724740252560,
  "controller/App-dbg.controller.js": 1724678842210,
  "controller/App.controller.js.map": 1724740252567,
  "model/models-dbg.js": 1724678842210,
  "model/models.js.map": 1724740252561,
  "Component-preload.js": 1724740252809,
  "Component-preload.js.map": 1724740252809,
  "view/cegform.view.xml": 1724678842210,
  "i18n/i18n.properties": 1724678842210,
  "css/style.css": 1724678842210,
  "Image/header.png": 1724678842210,
  "index.html": 1724678842210
}