{
  "Component.js": 1724668371195,
  "i18n/i18n.properties": 1724674438451,
  "controller/pqcForm.controller.js": 1724668371203,
  "controller/App.controller.js": 1724668371199,
  "manifest.json": 1724677229637,
  "model/models.js": 1724668371215,
  "Component-dbg.js": 1724668371195,
  "Component.js.map": 1724677229791,
  "controller/pqcForm-dbg.controller.js": 1724668371203,
  "controller/pqcForm.controller.js.map": 1724677229796,
  "controller/App-dbg.controller.js": 1724668371199,
  "controller/App.controller.js.map": 1724677229789,
  "model/models-dbg.js": 1724668371215,
  "model/models.js.map": 1724677229792,
  "Component-preload.js": 1724677230030,
  "Component-preload.js.map": 1724677230030,
  "view/pqcForm.view.xml": 1724668371255,
  "view/App.view.xml": 1724668371251,
  "css/style.css": 1724668371203,
  "Image/header.png": 1724668371199,
  "index.html": 1724668646340
}