{
  "controller/Overview.controller.js.map": 1724677218206,
  "model/formatter.js": 1724667659133,
  "model/models.js": 1724667659133,
  "controller/Overview.controller.js": 1724667653329,
  "controller/OverViewDetailsPage.controller.js": 1724674207274,
  "controller/App.controller.js": 1724667653329,
  "manifest.json": 1724677218022,
  "Component.js": 1724667652065,
  "Component-dbg.js": 1724667652065,
  "Component.js.map": 1724677218161,
  "model/models-dbg.js": 1724667659133,
  "model/models.js.map": 1724677218151,
  "controller/Overview-dbg.controller.js": 1724667653329,
  "i18n/i18n.properties": 1724667656229,
  "controller/OverViewDetailsPage-dbg.controller.js": 1724674207274,
  "controller/OverViewDetailsPage.controller.js.map": 1724677218211,
  "controller/App-dbg.controller.js": 1724667653329,
  "controller/App.controller.js.map": 1724677218154,
  "model/formatter-dbg.js": 1724667659133,
  "model/formatter.js.map": 1724677218157,
  "Component-preload.js": 1724677218358,
  "Component-preload.js.map": 1724677218358,
  "view/PurchasingDocumentItem.fragment.xml": 1724667667993,
  "view/PurchaseRequisitionPrice.fragment.xml": 1724667667993,
  "view/PurchaseRequisition.fragment.xml": 1724667667993,
  "view/PurReqnReleaseStatus.fragment.xml": 1724667667993,
  "view/Overview.view.xml": 1724667667993,
  "view/OverViewDetailsPage.view.xml": 1724667667993,
  "view/DeliveryDateTime.fragment.xml": 1724667667993,
  "view/CreationDate.fragment.xml": 1724667667993,
  "view/App.view.xml": 1724667667993,
  "css/style.css": 1724667654673,
  "index.html": 1724667652065
}