{
  "Component.js": 1724659127943,
  "model/models.js": 1724659135731,
  "controller/cegform.controller.js": 1724659129211,
  "controller/App.controller.js": 1724659129211,
  "manifest.json": 1724661890950,
  "i18n/i18n.properties": 1724659499771,
  "controller/cegform-dbg.controller.js": 1724659129211,
  "controller/cegform.controller.js.map": 1724661891032,
  "model/models-dbg.js": 1724659135731,
  "model/models.js.map": 1724661891039,
  "controller/App-dbg.controller.js": 1724659129211,
  "controller/App.controller.js.map": 1724661891033,
  "Component-dbg.js": 1724659127943,
  "Component.js.map": 1724661891038,
  "Component-preload.js": 1724661891104,
  "Component-preload.js.map": 1724661891105,
  "view/cegform.view.xml": 1724659144595,
  "view/App.view.xml": 1724659144595,
  "css/style.css": 1724659130479,
  "Image/header.png": 1724659133167,
  "index.html": 1724659127943
}